{
    "version": 1,
    "author": "Dũng Võ Việt",
    "editor": "wokwi",
    "parts": [
      {
        "type": "board-esp32-devkit-c-v4",
        "id": "esp",
        "top": 28.8,
        "left": -33.56,
        "attrs": { "builder": "esp-idf" }
      },
      { "type": "wokwi-pir-motion-sensor", "id": "pir1", "top": -44, "left": -160.98, "attrs": {} }
    ],
    "connections": [
      [ "esp:TX", "$serialMonitor:RX", "", [] ],
      [ "esp:RX", "$serialMonitor:TX", "", [] ],
      [ "pir1:VCC", "esp:3V3", "red", [ "v28.8" ] ],
      [ "pir1:OUT", "esp:27", "green", [ "v124.8", "h19.06" ] ],
      [ "pir1:GND", "esp:GND.1", "black", [ "v0" ] ]
    ],
    "dependencies": {}
  }